<?xml version="1.0" encoding="UTF-8"?>
<project-private xmlns="http://www.netbeans.org/ns/project-private/1">
    <editor-bookmarks xmlns="http://www.netbeans.org/ns/editor-bookmarks/2" lastBookmarkId="0"/>
    <open-files xmlns="http://www.netbeans.org/ns/projectui-open-files/2">
        <group>
            <file>file:/C:/Users/rac/OneDrive/Documentos/Universidad/programacion%203/Proyecto%20Final/ProyecAPPFInal/src/Login/CargaProceso.java</file>
            <file>file:/C:/Users/rac/OneDrive/Documentos/Universidad/programacion%203/Proyecto%20Final/ProyecAPPFInal/src/Juegos/DigiteAPalavra.java</file>
            <file>file:/C:/Users/rac/OneDrive/Documentos/Universidad/programacion%203/Proyecto%20Final/ProyecAPPFInal/src/FinalProyect/PrincipalPantalla.java</file>
        </group>
    </open-files>
</project-private>
